time,angle1,angle2,target1,target2,speed1,speed2,error
0.05,35.91,0.00,35.91,0.00,0.00,0.00,16.00
0.10,35.91,0.00,35.91,0.00,0.00,0.00,16.00
0.15,35.91,0.00,35.91,0.00,0.00,0.00,16.00
0.20,35.91,0.00,35.91,0.00,0.00,0.00,16.00
0.25,35.91,0.00,35.91,0.00,0.00,0.00,16.00
0.30,35.91,0.00,35.91,0.00,0.00,0.00,16.00
0.35,35.91,0.00,35.91,0.00,0.00,0.00,16.00
0.40,35.91,0.00,35.91,0.00,0.00,0.00,16.00
0.45,35.91,0.00,35.91,0.00,0.00,0.00,16.00
0.50,35.91,0.00,35.91,0.00,0.00,0.00,16.00
0.55,35.66,0.25,-69.41,43.76,7.50,7.50,414.15
0.60,35.03,0.88,-69.41,43.76,15.00,15.00,412.66
0.65,34.41,1.50,-69.41,43.76,20.00,20.00,411.16
0.70,32.66,3.25,-69.41,43.76,30.00,30.00,406.90
0.75,30.91,5.00,-69.41,43.76,37.50,37.50,402.56
0.80,28.78,7.13,-69.41,43.76,45.00,45.00,397.18
0.85,26.28,9.63,-69.41,43.76,52.50,52.50,390.68
0.90,23.41,12.50,-69.41,43.76,60.00,60.00,383.01
0.95,20.16,15.75,-69.41,43.76,67.50,67.50,374.07
1.00,16.53,19.38,-69.41,43.76,75.01,75.01,363.80
1.05,12.53,23.38,-69.41,43.76,82.51,82.51,352.11
1.10,8.16,27.25,-69.41,43.76,90.01,75.01,338.42
1.15,3.41,30.75,-69.41,43.76,97.51,67.50,322.46
1.20,-1.72,33.88,-69.41,43.76,105.01,60.00,304.18
1.25,-7.22,36.63,-69.41,43.76,112.51,52.50,283.52
1.30,-13.10,39.01,-69.41,43.76,120.01,45.00,260.43
1.35,-19.35,41.01,-69.41,43.76,127.51,37.50,234.81
1.40,-25.47,42.63,-69.41,43.76,120.01,30.00,208.89
1.45,-31.22,43.88,-69.41,43.76,112.51,22.50,183.87
1.50,-36.60,43.76,-69.41,43.76,105.01,0.00,158.63
1.55,-41.60,43.76,-69.41,43.76,97.51,0.00,134.97
1.60,-46.23,43.76,-69.41,43.76,90.01,0.00,112.86
1.65,-50.48,43.76,-69.41,43.76,82.51,0.00,92.37
1.70,-54.35,43.76,-69.41,43.76,75.01,0.00,73.59
1.75,-57.85,43.76,-69.41,43.76,67.51,0.00,56.54
1.80,-60.98,43.76,-69.41,43.76,60.00,0.00,41.28
1.85,-63.73,43.76,-69.41,43.76,52.50,0.00,27.82
1.90,-66.10,43.76,-69.41,43.76,45.00,0.00,16.19
1.95,-68.10,43.76,-69.41,43.76,37.50,0.00,6.38
2.00,-69.73,43.76,-69.41,43.76,30.00,0.00,1.58
2.05,-69.31,43.76,-69.41,43.76,22.50,0.00,0.46
2.10,-69.41,43.76,-69.41,43.76,0.00,0.00,0.00
2.15,-69.41,43.76,-69.41,43.76,0.00,0.00,0.00
2.20,-69.41,43.76,-69.41,43.76,0.00,0.00,0.00
2.25,-69.41,43.76,-69.41,43.76,0.00,0.00,0.00
2.30,-69.41,43.76,-69.41,43.76,0.00,0.00,0.00
2.35,-69.41,43.76,-69.41,43.76,0.00,0.00,0.00
2.40,-69.41,43.76,-69.41,43.76,0.00,0.00,0.00
2.45,-69.41,43.76,-69.41,43.76,0.00,0.00,0.00
2.50,-69.41,43.76,-69.41,43.76,0.00,0.00,0.00
2.55,-69.41,43.76,-69.41,43.76,0.00,0.00,0.00
2.60,-69.41,43.76,-69.41,43.76,0.00,0.00,0.00
2.65,-69.41,43.76,-69.41,43.76,0.00,0.00,0.00
2.70,-69.41,43.76,-69.41,43.76,0.00,0.00,0.00
2.75,-69.41,43.76,-69.41,43.76,0.00,0.00,0.00
2.80,-69.41,43.76,-69.41,43.76,0.00,0.00,0.00
2.85,-69.41,43.76,-69.41,43.76,0.00,0.00,0.00
2.90,-69.41,43.76,-69.41,43.76,0.00,0.00,0.00
2.95,-69.41,43.76,-69.41,43.76,0.00,0.00,0.00
3.00,-69.41,43.76,-69.41,43.76,0.00,0.00,0.00
3.05,-69.41,43.76,-69.41,43.76,0.00,0.00,0.00
3.10,-69.41,43.76,-69.41,43.76,0.00,0.00,0.00
3.15,-69.41,43.76,-69.41,43.76,0.00,0.00,0.00
3.20,-69.41,43.76,-69.41,43.76,0.00,0.00,0.00
3.25,-69.41,43.76,-69.41,43.76,0.00,0.00,0.00
3.30,-69.41,43.76,-69.41,43.76,0.00,0.00,0.00
3.35,-69.41,43.76,-69.41,43.76,0.00,0.00,0.00
3.40,-69.41,43.76,-69.41,43.76,0.00,0.00,0.00
3.45,-69.41,43.76,-69.41,43.76,0.00,0.00,0.00
3.50,-69.41,43.76,-69.41,43.76,0.00,0.00,0.00
3.55,-69.41,43.76,-69.41,43.76,0.00,0.00,0.00
3.60,-69.66,43.51,125.14,0.00,7.50,7.50,597.08
3.65,-70.28,42.88,125.14,0.00,15.00,15.00,597.57
3.70,-71.28,41.88,125.14,0.00,22.50,22.50,598.28
3.75,-72.66,40.51,125.14,0.00,30.00,30.00,599.10
3.80,-74.41,38.76,125.14,0.00,37.50,37.50,599.87
3.85,-76.53,36.63,125.14,0.00,45.00,45.00,600.40
3.90,-79.03,34.13,125.14,0.00,52.50,52.50,600.44
3.95,-81.91,31.26,125.14,0.00,60.00,60.00,599.71
4.00,-85.16,28.01,125.14,0.00,67.50,67.50,597.87
4.05,-88.78,24.38,125.14,0.00,75.00,75.00,594.55
4.10,-92.78,20.38,125.14,0.00,82.50,82.50,589.34
4.15,-97.16,16.51,125.14,0.00,90.00,75.00,581.89
4.20,-101.91,13.01,125.14,0.00,97.50,67.50,572.12
4.25,-107.03,9.88,125.14,0.00,105.00,60.00,559.93
4.30,-112.53,7.13,125.14,0.00,112.50,52.50,545.24
4.35,-118.41,4.76,125.14,0.00,120.00,45.00,527.97
4.40,-124.66,2.76,125.14,0.00,127.50,37.50,508.03
4.45,-131.28,1.13,125.14,0.00,135.00,30.00,485.33
4.50,-138.29,-0.12,125.14,0.00,142.51,22.50,459.79
4.55,-145.67,0.00,125.14,0.00,150.00,0.00,432.64
4.60,-153.17,0.00,125.14,0.00,150.00,0.00,403.05
4.65,-160.67,0.00,125.14,0.00,150.00,0.00,371.75
4.70,-167.92,0.00,125.14,0.00,142.50,0.00,339.98
4.75,-174.79,0.00,125.14,0.00,135.00,0.00,308.61
4.80,178.71,0.00,125.14,0.00,127.50,0.00,277.93
4.85,172.58,0.00,125.14,0.00,120.00,0.00,248.22
4.90,166.83,0.00,125.14,0.00,112.50,0.00,219.70
4.95,161.46,0.00,125.14,0.00,105.00,0.00,192.56
5.00,156.46,0.00,125.14,0.00,97.50,0.00,166.95
5.05,151.83,0.00,125.14,0.00,90.00,0.00,143.02
5.10,147.58,0.00,125.14,0.00,82.50,0.00,120.87
5.15,143.70,0.00,125.14,0.00,74.99,0.00,100.58
5.20,140.20,0.00,125.14,0.00,67.49,0.00,82.26
5.25,137.08,0.00,125.14,0.00,59.99,0.00,65.99
5.30,134.33,0.00,125.14,0.00,52.48,0.00,51.83
5.35,131.70,0.00,125.14,0.00,49.98,0.00,38.69
5.40,129.46,0.00,125.14,0.00,42.48,0.00,28.15
5.45,127.58,0.00,125.14,0.00,34.98,0.00,20.67
5.50,126.08,0.00,125.14,0.00,27.48,0.00,16.77
5.55,124.96,0.00,125.14,0.00,19.98,0.00,16.03
5.60,125.21,0.00,125.14,0.00,12.48,0.00,16.00
5.65,125.14,0.00,125.14,0.00,0.00,0.00,16.00
5.70,125.14,0.00,125.14,0.00,0.00,0.00,16.00
5.75,125.14,0.00,125.14,0.00,0.00,0.00,16.00
5.80,125.14,0.00,125.14,0.00,0.00,0.00,16.00
5.85,125.14,0.00,125.14,0.00,0.00,0.00,16.00
5.90,125.14,0.00,125.14,0.00,0.00,0.00,16.00
5.95,125.14,0.00,125.14,0.00,0.00,0.00,16.00
6.00,125.14,0.00,125.14,0.00,0.00,0.00,16.00
6.05,125.14,0.00,125.14,0.00,0.00,0.00,16.00
6.10,125.14,0.00,125.14,0.00,0.00,0.00,16.00
6.15,125.14,0.00,125.14,0.00,0.00,0.00,16.00
6.20,125.19,0.04,-115.31,115.48,2.50,2.50,465.08
6.25,125.57,0.42,-115.31,115.48,10.04,10.04,464.55
6.30,126.32,1.18,-115.31,115.48,17.57,17.57,463.46
6.35,127.45,2.30,-115.31,115.48,25.07,25.07,461.75
6.40,128.95,3.81,-115.31,115.48,32.57,32.57,459.31
6.45,130.83,5.69,-115.31,115.48,40.07,40.07,456.03
6.50,133.08,7.94,-115.31,115.48,47.57,47.57,451.73
6.55,135.72,10.57,-115.31,115.48,55.08,55.08,446.23
6.60,138.72,13.58,-115.31,115.48,62.59,62.59,439.33
6.65,142.10,16.96,-115.31,115.48,70.09,70.09,430.80
6.70,145.88,20.73,-115.31,115.48,77.62,77.62,420.34
6.75,150.01,24.86,-115.31,115.48,85.12,85.12,407.82
6.80,154.51,29.37,-115.31,115.48,92.62,92.62,392.94
6.85,159.40,34.25,-115.31,115.48,100.12,100.12,375.49
6.90,164.65,39.51,-115.31,115.48,107.62,107.62,355.29
6.95,170.28,45.14,-115.31,115.48,115.12,115.12,332.19
7.00,176.29,51.14,-115.31,115.48,122.62,122.62,306.13
7.05,-177.33,57.53,-115.31,115.48,130.12,130.12,277.15
7.10,-170.66,64.03,-115.31,115.48,132.62,127.62,246.05
7.15,-164.27,70.16,-115.31,115.48,125.12,120.12,215.82
7.20,-158.27,75.92,-115.31,115.48,117.62,112.62,187.11
7.25,-152.64,81.30,-115.31,115.48,110.12,105.12,160.23
7.30,-147.38,86.31,-115.31,115.48,102.62,97.62,135.38
7.35,-142.50,90.94,-115.31,115.48,95.12,90.12,112.70
7.40,-137.99,95.20,-115.31,115.48,87.62,82.62,92.21
7.45,-133.86,99.08,-115.31,115.48,80.12,75.12,73.91
7.50,-130.10,102.59,-115.31,115.48,72.62,67.62,57.74
7.55,-126.72,105.72,-115.31,115.48,65.12,60.12,43.63
7.60,-123.71,108.47,-115.31,115.48,57.61,52.61,31.47
7.65,-121.08,110.85,-115.31,115.48,50.11,45.11,21.15
7.70,-118.83,112.86,-115.31,115.48,42.61,37.61,12.57
7.75,-116.95,114.49,-115.31,115.48,35.11,30.11,5.62
7.80,-115.44,115.75,-115.31,115.48,27.61,22.61,0.60
7.85,-115.31,115.48,-115.31,115.48,0.00,0.00,0.00
7.90,-115.31,115.48,-115.31,115.48,0.00,0.00,0.00
7.95,-115.31,115.48,-115.31,115.48,0.00,0.00,0.00
8.00,-115.31,115.48,-115.31,115.48,0.00,0.00,0.00
8.05,-115.31,115.48,-115.31,115.48,0.00,0.00,0.00
8.10,-115.31,115.48,-115.31,115.48,0.00,0.00,0.00
8.15,-115.31,115.48,-115.31,115.48,0.00,0.00,0.00
8.20,-115.31,115.48,-115.31,115.48,0.00,0.00,0.00
8.25,-115.31,115.48,-115.31,115.48,0.00,0.00,0.00
8.30,-115.31,115.48,-115.31,115.48,0.00,0.00,0.00
8.35,-115.31,115.48,-115.31,115.48,0.00,0.00,0.00
8.40,-115.31,115.48,-115.31,115.48,0.00,0.00,0.00
8.45,-115.31,115.48,-115.31,115.48,0.00,0.00,0.00
8.50,-115.31,115.48,-115.31,115.48,0.00,0.00,0.00
8.55,-115.27,115.44,8.18,0.00,2.50,2.50,373.84
8.60,-114.89,115.07,8.18,0.00,10.00,10.00,373.23
8.65,-114.14,114.32,8.18,0.00,17.50,17.50,372.00
8.70,-113.02,113.19,8.18,0.00,25.00,25.00,370.13
8.75,-111.52,111.69,8.18,0.00,32.50,32.50,367.57
8.80,-109.64,109.82,8.18,0.00,40.00,40.00,364.29
8.85,-107.39,107.57,8.18,0.00,47.50,47.50,360.22
8.90,-104.77,104.94,8.18,0.00,55.00,55.00,355.30
8.95,-101.77,101.94,8.18,0.00,62.50,62.50,349.45
9.00,-98.39,98.56,8.18,0.00,70.00,70.00,342.59
9.05,-94.64,94.81,8.18,0.00,77.50,77.50,334.61
9.10,-90.51,90.69,8.18,0.00,85.00,85.00,325.42
9.15,-86.01,86.19,8.18,0.00,92.50,92.50,314.93
9.20,-81.14,81.31,8.18,0.00,100.00,100.00,303.01
9.25,-75.89,76.06,8.18,0.00,107.51,107.51,289.56
9.30,-70.26,70.44,8.18,0.00,115.01,115.01,274.49
9.35,-64.26,64.44,8.18,0.00,122.51,122.51,257.69
9.40,-57.89,58.06,8.18,0.00,130.01,130.01,239.08
9.45,-51.14,51.56,8.18,0.00,137.51,127.51,218.18
9.50,-44.51,45.43,8.18,0.00,130.01,120.01,196.52
9.55,-38.26,39.68,8.18,0.00,122.50,112.50,175.43
9.60,-32.38,34.31,8.18,0.00,115.00,105.00,155.08
9.65,-26.88,29.31,8.18,0.00,107.50,97.50,135.63
9.70,-21.76,24.68,8.18,0.00,100.00,90.00,117.19
9.75,-17.01,20.43,8.18,0.00,92.50,82.50,99.88
9.80,-12.63,16.56,8.18,0.00,85.00,75.00,83.78
9.85,-8.63,13.06,8.18,0.00,77.50,67.50,69.00
9.90,-5.01,9.93,8.18,0.00,70.00,60.00,55.60
9.95,-1.75,7.17,8.18,0.00,62.48,52.48,43.69
10.00,1.13,4.80,8.18,0.00,54.98,44.98,33.49
10.05,3.63,2.80,8.18,0.00,47.48,37.48,25.24
10.10,5.75,1.18,8.18,0.00,39.98,29.98,19.40
10.15,7.50,-0.07,8.18,0.00,32.48,22.48,16.44
10.20,8.04,0.00,8.18,0.00,24.98,0.00,16.02
10.25,8.18,0.00,8.18,0.00,0.00,0.00,16.00
10.30,8.18,0.00,8.18,0.00,0.00,0.00,16.00
10.35,8.18,0.00,8.18,0.00,0.00,0.00,16.00
10.40,8.18,0.00,8.18,0.00,0.00,0.00,16.00
10.45,8.18,0.00,8.18,0.00,0.00,0.00,16.00
10.50,8.18,0.00,8.18,0.00,0.00,0.00,16.00
10.55,8.18,0.00,8.18,0.00,0.00,0.00,16.00
10.60,8.18,0.00,8.18,0.00,0.00,0.00,16.00
10.65,8.18,0.00,8.18,0.00,0.00,0.00,16.00
10.70,8.18,0.00,8.18,0.00,0.00,0.00,16.00
10.75,8.18,0.00,8.18,0.00,0.00,0.00,16.00
10.80,8.18,0.00,8.18,0.00,0.00,0.00,16.00
10.85,8.18,0.00,8.18,0.00,0.00,0.00,16.00
10.90,7.93,0.25,-73.67,50.98,7.50,7.50,310.22
10.95,7.31,0.88,-73.67,50.98,15.00,15.00,308.46
11.00,6.31,1.88,-73.67,50.98,22.50,22.50,305.63
11.05,4.93,3.25,-73.67,50.98,30.00,30.00,301.70
11.10,3.18,5.00,-73.67,50.98,37.50,37.50,296.65
11.15,1.06,7.13,-73.67,50.98,45.00,45.00,290.42
11.20,-1.44,9.63,-73.67,50.98,52.50,52.50,282.98
11.25,-4.32,12.50,-73.67,50.98,60.00,60.00,274.26
11.30,-7.57,15.75,-73.67,50.98,67.50,67.50,264.22
11.35,-11.20,19.38,-73.67,50.98,75.00,75.00,252.80
11.40,-15.20,23.38,-73.67,50.98,82.50,82.50,239.94
11.45,-19.57,27.67,-73.67,50.98,90.00,85.00,225.49
11.50,-24.32,31.67,-73.67,50.98,97.50,77.50,208.72
11.55,-29.45,35.30,-73.67,50.98,105.01,70.00,189.54
11.60,-34.95,38.55,-73.67,50.98,112.51,62.50,167.97
11.65,-40.32,41.42,-73.67,50.98,105.01,55.00,146.34
11.70,-45.32,43.92,-73.67,50.98,97.50,47.50,125.89
11.75,-49.95,46.05,-73.67,50.98,90.00,40.00,106.66
11.80,-54.20,47.80,-73.67,50.98,82.50,32.50,88.71
11.85,-58.08,49.17,-73.67,50.98,75.00,25.00,72.05
11.90,-61.58,50.17,-73.67,50.98,67.50,17.50,56.69
11.95,-64.70,50.80,-73.67,50.98,60.00,10.00,42.62
12.00,-67.45,50.98,-73.67,50.98,52.50,0.00,29.74
12.05,-69.83,50.98,-73.67,50.98,45.00,0.00,18.38
12.10,-71.83,50.98,-73.67,50.98,37.50,0.00,8.81
12.15,-73.45,50.98,-73.67,50.98,30.00,0.00,1.04
12.20,-73.87,50.98,-73.67,50.98,22.50,0.00,0.96
12.25,-73.58,50.98,-73.67,50.98,15.00,0.00,0.44
12.30,-73.67,50.98,-73.67,50.98,0.00,0.00,0.00
12.35,-73.67,50.98,-73.67,50.98,0.00,0.00,0.00
12.40,-73.67,50.98,-73.67,50.98,0.00,0.00,0.00
12.45,-73.67,50.98,-73.67,50.98,0.00,0.00,0.00
12.50,-73.67,50.98,-73.67,50.98,0.00,0.00,0.00
12.55,-73.67,50.98,-73.67,50.98,0.00,0.00,0.00
12.60,-73.67,50.98,-73.67,50.98,0.00,0.00,0.00
12.65,-73.67,50.98,-73.67,50.98,0.00,0.00,0.00
12.70,-73.67,50.98,-73.67,50.98,0.00,0.00,0.00
12.75,-73.67,50.98,-73.67,50.98,0.00,0.00,0.00
12.80,-73.67,50.98,-73.67,50.98,0.00,0.00,0.00
12.85,-73.67,50.98,-73.67,50.98,0.00,0.00,0.00
12.90,-73.67,50.98,-73.67,50.98,0.00,0.00,0.00
12.95,-73.67,50.98,-73.67,50.98,0.00,0.00,0.00
13.00,-73.67,50.98,-73.67,50.98,0.00,0.00,0.00
13.05,-73.67,50.98,-73.67,50.98,0.00,0.00,0.00
